Company,EV/NTM,TTMRevGr,NTMRevGr,GP%,SM%,EBITDA%,Cash%,NI%,RD%
FDEV LN Equity,4.757649869,1.14891776,1.279816804,0.704843232,0.177702387,0.282346748,0.525419638,0.111911266,0.248596163
TNAV US Equity,0.576481224,-0.420876376,1.09392541,0.413919751,0.195404031,-0.77476926,0.161207384,-0.811596252,0.823959314
SSNC US Equity,4.196521301,0.467727934,1.003082767,0.412073985,0.054475716,0.344201587,0.029460366,0.119943849,0.070519628
SMAR US Equity,12.76400607,1.730067974,0.760249162,0.805110873,0.655487942,-0.403602599,0.522754443,-0.441390345,0.337878529
TTWO US Equity,3.766483431,0.24684197,0.703601606,0.526222892,0.145287401,0.162910786,0.45895063,0.109413698,0.111407318
TENB US Equity,10.06836836,0.509411358,0.567046829,0.863695686,0.619511312,-0.192130061,0.144944521,-0.218519446,0.307217395
ZUO US Equity,8.60791481,0.82163933,0.523885521,0.524159451,0.435233377,-0.236580399,0.287078832,-0.280808213,0.230095399
AVV LN Equity,5.306967442,2.286314291,0.455897354,0.697824874,0.256386521,0.246630922,0.159551409,0.117318495,0.233048419
PVTL US Equity,6.100075877,0.813752786,0.443557189,0.55167283,0.434180152,-0.286707261,0.143319279,-0.320972605,0.315931736
SHOP US EQUITY,9.714762022,1.192415175,0.418614459,0.564648835,0.264410894,-0.048478572,0.165981117,-0.061180473,0.159326736
MDB US Equity,11.85941194,1.945274318,0.412487451,0.720585093,0.571938348,-0.560197877,0.32200207,-0.577400242,0.323562612
CBLK US Equity,6.374010943,0.393800704,0.398829731,0.780031355,0.661609491,-0.296943474,0.222653598,-0.344581332,0.321250015
MITK US Equity,3.941661392,0.597245036,0.396763252,0.870999175,0.261321402,0.116396359,0.163930285,0.05367517,0.188178833
AYX US Equity,10.53608575,0.892528267,0.381423996,0.864769664,0.409090909,-0.08343188,0.737349101,-0.121129527,0.180721853
SSTI US Equity,9.789175219,0.882956084,0.358231446,0.545703612,0.211616836,0.031302442,0.670125689,-0.157129011,0.142436385
TWLO US EQUITY,9.104710218,0.776364325,0.355452575,0.531515393,0.204342654,-0.13976901,0.234012926,-0.182874852,0.245081681
UPLD US Equity,4.833777359,0.624780986,0.345316101,0.669822183,0.126004281,0.210594337,0.183783339,-0.016795941,0.125559763
DBX US Equity,6.452352654,0.310132576,0.337772859,0.666696784,0.283700759,0.061528731,0.388507409,-0.04517528,0.34360318
INOV US Equity,3.782857413,0.113284283,0.335533489,0.688948322,0.071640894,0.21141868,0.438933086,0.015162872,0.057524048
EVBG US Equity,8.923719678,0.598365562,0.32774286,0.692236298,0.382632624,-0.200809262,0.836568209,-0.319052985,0.181074348
AVLR US Equity,8.936443549,0.273153513,0.326756083,0.728010546,0.627672301,-0.203148823,0.066030522,-0.259119014,0.193583194
TEAM US Equity,12.26678681,1.072874777,0.324274031,0.812349078,0.198422248,0.045932972,1.488603835,-0.318113105,0.438848921
MB US Equity,5.210250773,0.523072054,0.318873708,0.707418085,0.339214788,-0.054009471,1.095778293,-0.107506789,0.169123307
TLND US Equity,7.357837407,0.665204182,0.315550897,0.76684703,0.492347792,-0.174088449,0.493095731,-0.196588945,0.152052582
ZEN US Equity,8.40773973,0.627841756,0.315197338,0.700981532,0.434629887,-0.169418548,0.215344025,-0.227226636,0.227002176
WIX US Equity,6.156470599,0.770002378,0.314129192,0.814915019,0.398133921,-0.054056317,0.165984073,-0.080099085,0.299201726
OKTA US EQUITY,13.18252934,2.773790262,0.308144789,0.70405158,0.533546168,-0.35956446,0.39466679,-0.381329138,0.218451858
UBI FP Equity,4.207889062,0.454429349,0.30537113,0.828615372,0.19589767,0.46475073,0.36840937,0.101452416,0.398754196
PFPT US Equity,6.535308144,0.635293052,0.290121587,0.716083165,0.421527052,-0.037534647,0.465880406,-0.127902777,0.2113897
SPLK US Equity,6.844753308,1.166729749,0.288999377,0.792802401,0.55817645,-0.177659879,0.376952437,-0.220927386,0.207905999
TRHC US Equity,6.875743951,0.804586337,0.284047059,0.310098209,0.032649358,0.100940834,0.061445833,0.052382229,0.033156006
NEWR US Equity,9.055195061,1.113414116,0.278703798,0.830894533,0.540269481,-0.005895386,0.345734783,-0.087178644,0.193986654
EBIX US Equity,4.160379513,0.442660597,0.27187065,0.636273421,0.037884263,0.337254291,0.148476659,0.246655528,0.078668578
HUBS US Equity,8.4903198,0.62897696,0.264314147,0.802233365,0.48223716,-0.055513968,0.198641139,-0.126516145,0.159431716
YEXT US Equity,7.211864584,1.212819313,0.255078245,0.744377783,0.639559189,-0.342540407,0.173096004,-0.369149252,0.129377515
INST US Equity,4.372165991,0.667000361,0.251313319,0.70595174,0.452917976,-0.217694509,0.193105277,-0.265525842,0.261273446
PAYC US Equity,11.91338459,0.51311444,0.248443863,0.836270259,0.30221594,0.2974391,0.092518895,0.209953657,0.061100982
RNG US Equity,7.850787511,0.531306949,0.246186416,0.762424464,0.447258175,0.003408031,0.311608086,-0.038053292,0.129237077
APPF US Equity,9.785371387,0.566306139,0.244709155,0.619476356,0.173594147,0.188348047,0.097405974,0.109271617,0.100241867
CARB US EQUITY,3.750024914,0.280709806,0.241613194,0.71521263,0.342986695,0.133656998,0.483728106,-0.007129497,0.174130198
MIME US Equity,5.456847556,0.989149823,0.237610006,0.732678096,0.429732441,0.062447057,0.277657075,-0.039696455,0.136005501
QTWO US Equity,7.748824468,0.432534082,0.234901325,0.495053459,0.19130952,-0.035297234,0.26933425,-0.113132374,0.187443367
SEND US Equity,8.623494871,0.60503697,0.217298443,0.742339564,0.219699273,0.035092642,1.367973871,-0.036651623,0.231064238
BL US Equity,8.773195212,0.647474477,0.216651384,0.776422042,0.541184764,-0.066416225,0.153341024,-0.167225391,0.117697518
HDP US Equity,3.658426097,0.677378958,0.215360798,0.7125183,0.646997036,-0.527208147,0.202769132,-0.57156339,0.326730465
RP US Equity,5.598351497,0.362881252,0.214567908,0.607191611,0.213200205,0.196258254,0.089556769,0.05085376,0.115527625
COUP US Equity,12.2503704,1.618310667,0.213140419,0.688600843,0.404947625,-0.159579178,1.884584313,-0.225167165,0.203272553
CYRN US Equity,3.922276612,0.029887358,0.210003447,0.59622677,0.487354665,-0.38989,0.751543452,-0.654222148,0.30790686
BOX US Equity,3.865493515,0.832509646,0.205468463,0.727027563,0.546808411,-0.18767712,0.375109066,-0.270973197,0.246600013
ULTI US Equity,7.012335483,0.325320527,0.202372663,0.626164585,0.260541923,0.11049378,0.150353321,0.045352465,0.145426047
PCTY US Equity,7.074990168,0.636434172,0.198891735,0.604804422,0.252919659,0.123201784,0.363399174,0.010140546,0.099714722
ATTU US Equity,3.506736527,0.335945242,0.192840758,0.852529496,0.493028942,0.049642175,0.399541215,-0.021799151,0.192442412
VEEV US EQUITY,12.60047376,0.872396578,0.190345121,0.697852072,0.17083516,0.245623995,0.417871275,0.212543603,0.172339942
QLYS US Equity,8.334429397,0.29056966,0.189515182,0.767918385,0.249984341,0.262801641,0.338992938,0.166605485,0.167619286
CYBR US Equity,6.075546094,0.360407732,0.185186065,0.845334966,0.430087348,0.115185183,0.547237361,0.091813351,0.143846587
CLDR US Equity,3.371465383,1.475573328,0.184810638,0.680254181,0.726084016,-0.429358932,0.105207462,-0.448954299,0.524723644
NTNX US Equity,4.564768875,1.295260325,0.182360746,0.665907083,0.562251127,-0.192136843,0.264808643,-0.251673775,0.271560949
KXS CN Equity,9.210098493,0.239765073,0.180908787,0.707510169,0.203684123,0.245784406,1.1018838,0.141458901,0.164804664
MDSO US EQUITY,5.672783584,0.315820027,0.180640156,0.756062566,0.207097942,0.13472281,0.389232213,0.080269276,0.227256177
FIVN US Equity,7.76448923,0.391257943,0.180032726,0.59036668,0.295198861,0.047195456,0.305739461,-0.010447477,0.120261276
EGHT US Equity,4.036289044,0.48386804,0.179398443,0.755378641,0.59249196,-0.043202941,0.102061315,0.136357472,0.112021814
RPD US Equity,5.538685787,0.405057261,0.17806318,0.703654474,0.504470905,-0.213805072,0.233092836,-0.243521934,0.230271961
CRW LN Equity,11.1035519,0.345484091,0.177926551,0.949200055,0.12311569,0.311017341,0.787764474,0.235661354,0.196430435
VRNS US Equity,5.738939074,0.474728803,0.17627243,0.900197083,0.560331178,-0.084031535,0.233742083,-0.105234365,0.195313531
FSCT US Equity,3.136118409,0.544002973,0.174726226,0.75474664,0.586534318,-0.322065349,0.244597307,-0.357573475,0.184139936
APTI US Equity,4.079818761,0.32328158,0.172182532,0.692937619,0.4139205,-0.067484991,0.259175068,-0.10987947,0.190843287
FTNT US Equity,6.473660685,0.278916424,0.170748873,0.749036421,0.429764864,0.13105687,0.497187014,0.083799201,0.129117176
CSU CN Equity,4.3292629,0.315012663,0.164257841,0.880066133,0.064733952,0.253075757,0.174972759,0.103232903,0.12216789
ELLI US Equity,4.747981861,0.284680184,0.155339407,0.591959407,0.140524704,0.185519746,0.297499627,0.041779082,0.149650752
RHT US Equity,5.326997746,0.538125356,0.140213148,0.852368067,0.379706309,0.190929634,0.546201324,0.132111634,0.183213705
AGYS US Equity,2.265671271,0.059285845,0.13566846,0.514784087,0.141762482,0.05235212,0.313273517,-0.042261141,0.219102445
WK US Equity,5.315587684,0.262888618,0.134346882,0.713895663,0.373037543,-0.216065979,0.267421657,-0.238819201,0.302167457
GWRE US Equity,8.523884754,0.557481988,0.134075669,0.551169549,0.187752527,0.042780838,0.661264289,0.053461994,0.259666569
MOBL US Equity,1.679832599,0.106407769,0.126432852,0.830119818,0.531937652,-0.259366264,0.473250666,-0.285425679,0.415451373
PRO US Equity,5.873144442,0.197950103,0.12118159,0.596355456,0.37096783,-0.240979866,0.874129302,-0.344764102,0.305097023
ALLT US Equity,1.180700233,-0.017472806,0.116871269,0.681281674,0.431535083,-0.097116792,0.172789729,-0.139148553,0.246108796
DSG CN Equity,8.272824723,0.404188267,0.116516852,0.728523857,0.127530653,0.32042038,0.135295363,0.120692203,0.160930071
EA US Equity,4.792906455,0.100545951,0.115125052,0.724059529,0.132492766,0.237908227,0.88011575,0.182116577,0.272840017
ALTR US Equity,5.808210207,0.155989018,0.11455612,0.692304933,0.220816234,-0.009593982,0.108292691,-0.233470127,0.257479937
ZNGA US Equity,2.913746151,0.191162904,0.110919751,0.690714628,0.240083247,0.093039477,0.422203652,0.056450317,0.289884414
OSPN US Equity,2.689039651,0.04323363,0.110902312,0.71395388,0.29406135,0.092239978,0.392093431,0.03619093,0.115238912
MGIC US Equity,1.245534219,0.347395931,0.107851761,0.322370143,0.100273466,0.154341049,0.280003092,0.066964828,0.025550521
LPSN US Equity,4.691453097,0.049398731,0.107235739,0.746432593,0.388841837,0.041850597,0.240029258,-0.03848877,0.171243541
ATHN US Equity,3.441268246,0.188013667,0.099755927,0.541702286,0.196035756,0.253245239,0.128332686,0.102986389,0.134939759
AZPN US Equity,12.56850207,0.057521637,0.098193444,0.898613469,0.202350685,0.437615362,0.192517127,0.300837507,0.164311711
SCWX US Equity,2.068772503,0.453275487,0.095959013,0.515184856,0.306719036,-0.066681664,0.205786563,-0.104943521,0.162466383
ALRM US Equity,5.079425139,0.440024358,0.092588012,0.668661354,0.115665201,0.209577685,0.25619483,0.144136532,0.193497855
PEGA US Equity,4.190192175,0.134685565,0.08984208,0.655663698,0.360864826,0.019566178,0.190621344,0.019614338,0.191334358
AMBR US Equity,2.912011201,0.120361861,0.089157739,0.54081939,0.274824418,-0.052773514,0.114199619,-0.127101493,0.182285465
SPSC US Equity,5.230895242,0.213342301,0.088234918,0.666298567,0.312514657,0.106347508,0.524987955,0.042834057,0.098847497
EPAY US Equity,6.504897946,0.148050828,0.084931083,0.560690798,0.217997645,0.138235354,0.316199606,0.010832333,0.14542142
LOGM US Equity,3.3262406,2.362920599,0.081155047,0.781623121,0.306998947,0.344775565,0.223331003,0.075428893,0.138679137
JCOM US Equity,3.411408308,0.325137403,0.080987788,0.840968727,0.285104635,0.356364127,0.302928422,0.130153611,0.039709696
EGAN US Equity,2.998347333,-0.116295495,0.077772522,0.635669672,0.288400998,0.026946352,0.187547915,-0.032454695,0.239956286
PTC US Equity,8.001533593,0.083425907,0.075705501,0.732172417,0.301813653,0.138202112,0.210366251,0.039551652,0.191035241
FEYE US Equity,3.747372691,0.111365972,0.07486625,0.656266944,0.468643293,-0.161625771,0.227925185,-0.324420467,0.306527376
IMPV US Equity,4.178051973,0.300852697,0.074856766,0.797739638,0.442356046,0.02051032,0.55967583,-0.066368522,0.184444373
CVLT US Equity,2.955181787,0.192349183,0.072713001,0.853301436,0.578816457,0.028356901,0.466156894,-0.010834571,0.132700487
SNPS US Equity,4.092080269,0.247711073,0.071619985,0.764383236,0.181712554,0.215145139,0.34683685,0.121526059,0.300679874
BNFT US Equity,4.099601904,0.080677995,0.069892132,0.500908144,0.274746193,-0.044693393,0.219444004,-0.159469385,0.196498255
APPN US Equity,6.402810439,0.555705183,0.064408648,0.623321356,0.396375049,-0.148054297,0.356682415,-0.162837482,0.168456736
CDNS US Equity,5.802232114,0.139757379,0.063581034,0.88264761,0.202503606,0.250359197,0.332426202,0.167929608,0.388533422
AMSWA US Equity,2.206600333,-0.005909263,0.060804127,0.540824616,0.182465376,0.149793315,0.466312182,0.084802501,0.104905667
DATA US Equity,7.069414771,0.200528936,0.060124762,0.871179509,0.521214905,-0.124851803,0.632451255,-0.147999182,0.336581823
ECOM US Equity,1.998142063,0.133454064,0.048298222,0.790221885,0.494867778,-0.033832916,0.41636076,-0.081343964,0.170434972
NUAN US Equity,3.198654505,0.030231366,0.047487301,0.564015421,0.198289589,0.171746386,0.15736612,0.010619682,0.13253024
BLKB US Equity,4.109832328,0.139884923,0.045615783,0.553517521,0.208302073,0.194882629,0.03580839,0.096219888,0.107930544
RUBI US Equity,0.56028755,-0.568213758,0.036360004,0.514891956,0.43114241,-0.362750974,0.637981554,-0.626965314,0.395398395
QADB US Equity,2.01507684,0.181963779,0.034475094,0.514730021,0.229492922,0.020635728,0.447679889,-0.003662715,0.145126077
CHKP US Equity,6.626958713,0.089373405,0.033457798,0.895454074,0.228489025,0.500626012,0.129163642,0.433661464,0.101419823
CA US Equity,4.144532307,0.030559006,0.033148505,0.854869817,0.255785921,0.347155256,0.820877531,0.189981949,0.154773385
OTEX CN Equity,3.851812577,0.543250624,0.028701273,0.662049895,0.188041095,0.352205371,0.242587402,0.099335983,0.11489638
CTXS US Equity,4.825293084,0.06295832,0.028465389,0.847022308,0.345940415,0.306660606,0.383425041,0.203086592,0.142968547
DMRC US Equity,10.11253519,0.128160418,0.025665013,0.653501998,0.676645245,-1.114374034,1.660416497,-1.169771415,0.627796307
CSOD US Equity,5.090099798,0.227493595,0.025401342,0.717005982,0.462609409,0.030305247,0.757777513,-0.077936856,0.119324505
